[{"model": "admin.logentry", "pk": 1, "fields": {"action_time": "2025-02-23T09:15:05.323", "user": 1, "content_type": 11, "object_id": "5", "object_repr": "peter", "action_flag": 2, "change_message": "[{\"changed\": {\"fields\": [\"Picture\", \"Time come in\"]}}]"}}, {"model": "admin.logentry", "pk": 2, "fields": {"action_time": "2025-02-24T22:30:27.996", "user": 1, "content_type": 7, "object_id": "17", "object_repr": "test", "action_flag": 1, "change_message": "[{\"added\": {}}]"}}, {"model": "admin.logentry", "pk": 3, "fields": {"action_time": "2025-02-24T22:38:08.744", "user": 1, "content_type": 7, "object_id": "17", "object_repr": "TEST", "action_flag": 2, "change_message": "[{\"changed\": {\"fields\": [\"Full name\"]}}]"}}, {"model": "auth.permission", "pk": 1, "fields": {"name": "Can add log entry", "content_type": 1, "codename": "add_logentry"}}, {"model": "auth.permission", "pk": 2, "fields": {"name": "Can change log entry", "content_type": 1, "codename": "change_logentry"}}, {"model": "auth.permission", "pk": 3, "fields": {"name": "Can delete log entry", "content_type": 1, "codename": "delete_logentry"}}, {"model": "auth.permission", "pk": 4, "fields": {"name": "Can view log entry", "content_type": 1, "codename": "view_logentry"}}, {"model": "auth.permission", "pk": 5, "fields": {"name": "Can add permission", "content_type": 2, "codename": "add_permission"}}, {"model": "auth.permission", "pk": 6, "fields": {"name": "Can change permission", "content_type": 2, "codename": "change_permission"}}, {"model": "auth.permission", "pk": 7, "fields": {"name": "Can delete permission", "content_type": 2, "codename": "delete_permission"}}, {"model": "auth.permission", "pk": 8, "fields": {"name": "Can view permission", "content_type": 2, "codename": "view_permission"}}, {"model": "auth.permission", "pk": 9, "fields": {"name": "Can add group", "content_type": 3, "codename": "add_group"}}, {"model": "auth.permission", "pk": 10, "fields": {"name": "Can change group", "content_type": 3, "codename": "change_group"}}, {"model": "auth.permission", "pk": 11, "fields": {"name": "Can delete group", "content_type": 3, "codename": "delete_group"}}, {"model": "auth.permission", "pk": 12, "fields": {"name": "Can view group", "content_type": 3, "codename": "view_group"}}, {"model": "auth.permission", "pk": 13, "fields": {"name": "Can add user", "content_type": 4, "codename": "add_user"}}, {"model": "auth.permission", "pk": 14, "fields": {"name": "Can change user", "content_type": 4, "codename": "change_user"}}, {"model": "auth.permission", "pk": 15, "fields": {"name": "Can delete user", "content_type": 4, "codename": "delete_user"}}, {"model": "auth.permission", "pk": 16, "fields": {"name": "Can view user", "content_type": 4, "codename": "view_user"}}, {"model": "auth.permission", "pk": 17, "fields": {"name": "Can add content type", "content_type": 5, "codename": "add_contenttype"}}, {"model": "auth.permission", "pk": 18, "fields": {"name": "Can change content type", "content_type": 5, "codename": "change_contenttype"}}, {"model": "auth.permission", "pk": 19, "fields": {"name": "Can delete content type", "content_type": 5, "codename": "delete_contenttype"}}, {"model": "auth.permission", "pk": 20, "fields": {"name": "Can view content type", "content_type": 5, "codename": "view_contenttype"}}, {"model": "auth.permission", "pk": 21, "fields": {"name": "Can add session", "content_type": 6, "codename": "add_session"}}, {"model": "auth.permission", "pk": 22, "fields": {"name": "Can change session", "content_type": 6, "codename": "change_session"}}, {"model": "auth.permission", "pk": 23, "fields": {"name": "Can delete session", "content_type": 6, "codename": "delete_session"}}, {"model": "auth.permission", "pk": 24, "fields": {"name": "Can view session", "content_type": 6, "codename": "view_session"}}, {"model": "auth.permission", "pk": 25, "fields": {"name": "Can add khach", "content_type": 7, "codename": "add_khach"}}, {"model": "auth.permission", "pk": 26, "fields": {"name": "Can change khach", "content_type": 7, "codename": "change_khach"}}, {"model": "auth.permission", "pk": 27, "fields": {"name": "Can delete khach", "content_type": 7, "codename": "delete_khach"}}, {"model": "auth.permission", "pk": 28, "fields": {"name": "Can view khach", "content_type": 7, "codename": "view_khach"}}, {"model": "auth.permission", "pk": 29, "fields": {"name": "Can add historical technician", "content_type": 8, "codename": "add_historicaltechnician"}}, {"model": "auth.permission", "pk": 30, "fields": {"name": "Can change historical technician", "content_type": 8, "codename": "change_historicaltechnician"}}, {"model": "auth.permission", "pk": 31, "fields": {"name": "Can delete historical technician", "content_type": 8, "codename": "delete_historicaltechnician"}}, {"model": "auth.permission", "pk": 32, "fields": {"name": "Can view historical technician", "content_type": 8, "codename": "view_historicaltechnician"}}, {"model": "auth.permission", "pk": 33, "fields": {"name": "Can add chat", "content_type": 9, "codename": "add_chat"}}, {"model": "auth.permission", "pk": 34, "fields": {"name": "Can change chat", "content_type": 9, "codename": "change_chat"}}, {"model": "auth.permission", "pk": 35, "fields": {"name": "Can delete chat", "content_type": 9, "codename": "delete_chat"}}, {"model": "auth.permission", "pk": 36, "fields": {"name": "Can view chat", "content_type": 9, "codename": "view_chat"}}, {"model": "auth.permission", "pk": 37, "fields": {"name": "Can add service", "content_type": 10, "codename": "add_service"}}, {"model": "auth.permission", "pk": 38, "fields": {"name": "Can change service", "content_type": 10, "codename": "change_service"}}, {"model": "auth.permission", "pk": 39, "fields": {"name": "Can delete service", "content_type": 10, "codename": "delete_service"}}, {"model": "auth.permission", "pk": 40, "fields": {"name": "Can view service", "content_type": 10, "codename": "view_service"}}, {"model": "auth.permission", "pk": 41, "fields": {"name": "Can add technician", "content_type": 11, "codename": "add_technician"}}, {"model": "auth.permission", "pk": 42, "fields": {"name": "Can change technician", "content_type": 11, "codename": "change_technician"}}, {"model": "auth.permission", "pk": 43, "fields": {"name": "Can delete technician", "content_type": 11, "codename": "delete_technician"}}, {"model": "auth.permission", "pk": 44, "fields": {"name": "Can view technician", "content_type": 11, "codename": "view_technician"}}, {"model": "auth.permission", "pk": 45, "fields": {"name": "Can add historical khach", "content_type": 12, "codename": "add_historicalkhach"}}, {"model": "auth.permission", "pk": 46, "fields": {"name": "Can change historical khach", "content_type": 12, "codename": "change_historicalkhach"}}, {"model": "auth.permission", "pk": 47, "fields": {"name": "Can delete historical khach", "content_type": 12, "codename": "delete_historicalkhach"}}, {"model": "auth.permission", "pk": 48, "fields": {"name": "Can view historical khach", "content_type": 12, "codename": "view_historicalkhach"}}, {"model": "auth.permission", "pk": 49, "fields": {"name": "Can add like", "content_type": 13, "codename": "add_like"}}, {"model": "auth.permission", "pk": 50, "fields": {"name": "Can change like", "content_type": 13, "codename": "change_like"}}, {"model": "auth.permission", "pk": 51, "fields": {"name": "Can delete like", "content_type": 13, "codename": "delete_like"}}, {"model": "auth.permission", "pk": 52, "fields": {"name": "Can view like", "content_type": 13, "codename": "view_like"}}, {"model": "auth.user", "pk": 1, "fields": {"password": "pbkdf2_sha256$720000$SuOju4gfPwa1PMUaAYHnEk$J6mcJMTxBI7tucuJGIcb+zr/I34xET+nXqo5zlF2JgI=", "last_login": "2025-02-24T23:07:40.182", "is_superuser": true, "username": "jubi", "first_name": "", "last_name": "", "email": "hoadambut@me.com", "is_staff": true, "is_active": true, "date_joined": "2025-02-23T08:59:45.906", "groups": [], "user_permissions": []}}, {"model": "contenttypes.contenttype", "pk": 1, "fields": {"app_label": "admin", "model": "logentry"}}, {"model": "contenttypes.contenttype", "pk": 2, "fields": {"app_label": "auth", "model": "permission"}}, {"model": "contenttypes.contenttype", "pk": 3, "fields": {"app_label": "auth", "model": "group"}}, {"model": "contenttypes.contenttype", "pk": 4, "fields": {"app_label": "auth", "model": "user"}}, {"model": "contenttypes.contenttype", "pk": 5, "fields": {"app_label": "contenttypes", "model": "contenttype"}}, {"model": "contenttypes.contenttype", "pk": 6, "fields": {"app_label": "sessions", "model": "session"}}, {"model": "contenttypes.contenttype", "pk": 7, "fields": {"app_label": "ledger", "model": "khach"}}, {"model": "contenttypes.contenttype", "pk": 8, "fields": {"app_label": "ledger", "model": "historicaltechnician"}}, {"model": "contenttypes.contenttype", "pk": 9, "fields": {"app_label": "ledger", "model": "chat"}}, {"model": "contenttypes.contenttype", "pk": 10, "fields": {"app_label": "ledger", "model": "service"}}, {"model": "contenttypes.contenttype", "pk": 11, "fields": {"app_label": "ledger", "model": "technician"}}, {"model": "contenttypes.contenttype", "pk": 12, "fields": {"app_label": "ledger", "model": "historicalkhach"}}, {"model": "contenttypes.contenttype", "pk": 13, "fields": {"app_label": "ledger", "model": "like"}}, {"model": "sessions.session", "pk": "dga084cy8qj6wep7qrwa582eon0rqgpt", "fields": {"session_data": ".eJxVjrsOgzAMRf8lM40cB8Jj7N4vqCrkYFNoUZB4dKn67w2IhcXDPfce-auaoZew1D2ryuSJqmldunqdZdojZdQp89S8JWyAXxSeo27GsEy911tFH3TWt5FluB7dk6CjuYvr1lhfloWw923qDJBNGTheASJLSFjYAkGy0nnH4LkVzIkIDUHuLEXp_nGimBaJQgTMLoAXdBFx33SfVVV38_j9AZsSR1k:1tn6ok:n3Hx_Ffqu8LDJYNagYjhdJrypjyC--6W6MSRdEppKXw", "expire_date": "2025-03-11T21:06:34.193"}}, {"model": "sessions.session", "pk": "tq4iwkqia1z8b8upzqlslkgxjnma3g6z", "fields": {"session_data": "eyJjbGllbnRfaWQiOjE3fQ:1tmm87:tOWAkudc135U1Ix4-YXzrb9lI1HlURsjXsnc_shMq4k", "expire_date": "2025-03-10T23:01:11.002"}}, {"model": "sessions.session", "pk": "zy9poj3dks854k56yc4ro98oah0nfqtm", "fields": {"session_data": ".eJxVjMEOgjAQRP-lZ9NsWyzg0bvf0MyyW0ENJBROxn8XEg56mcO8N_M2CevSp7XonAYxF-PM6bdjdE8ddyAPjPfJdtO4zAPbXbEHLfY2ib6uh_t30KP02zq7wG3bqDDnKjpCqIRkSyUgwMM3ofGk5zZyFGLJ6msA3oHqGGA-X_ilOGU:1tmly2:Z0RqGTdVkcHIs7O8_jtsDtaVyZrBCFcnX8HAAyfoenY", "expire_date": "2025-03-10T22:50:46.895"}}, {"model": "ledger.historicaltechnician", "pk": 1, "fields": {"id": 1, "name": "quang", "phone": "+18033399070", "email": "", "start_work_at": "10:00:00", "end_work": "18:00:00", "isWork": false, "picture": "tech_pictures/Generated_Image_1.jpeg", "time_come_in": null, "work_days": "1111110", "vacation_start": null, "vacation_end": null, "date_go_work": null, "owner": 1, "history_date": "2025-02-23T09:01:43.746", "history_change_reason": null, "history_type": "+", "history_user": 1}}, {"model": "ledger.historicaltechnician", "pk": 2, "fields": {"id": 2, "name": "luka", "phone": "+18037031212", "email": "", "start_work_at": "10:00:00", "end_work": "18:00:00", "isWork": false, "picture": "tech_pictures/IMG_0676.JPG", "time_come_in": null, "work_days": "1111110", "vacation_start": null, "vacation_end": null, "date_go_work": null, "owner": 1, "history_date": "2025-02-23T09:02:26.479", "history_change_reason": null, "history_type": "+", "history_user": 1}}, {"model": "ledger.historicaltechnician", "pk": 3, "fields": {"id": 3, "name": "danny", "phone": "+18039997733", "email": "", "start_work_at": "10:00:00", "end_work": "18:00:00", "isWork": false, "picture": "tech_pictures/IMG_0675.JPG", "time_come_in": null, "work_days": "1111110", "vacation_start": null, "vacation_end": null, "date_go_work": null, "owner": 1, "history_date": "2025-02-23T09:02:55.927", "history_change_reason": null, "history_type": "+", "history_user": 1}}, {"model": "ledger.historicaltechnician", "pk": 4, "fields": {"id": 4, "name": "megan", "phone": "+18392138111", "email": "", "start_work_at": "10:00:00", "end_work": "18:00:00", "isWork": false, "picture": "tech_pictures/Facebook_logo.png", "time_come_in": null, "work_days": "1111110", "vacation_start": null, "vacation_end": null, "date_go_work": null, "owner": 1, "history_date": "2025-02-23T09:07:40.969", "history_change_reason": null, "history_type": "+", "history_user": 1}}, {"model": "ledger.historicaltechnician", "pk": 5, "fields": {"id": 5, "name": "peter", "phone": "+18033195374", "email": "", "start_work_at": "10:00:00", "end_work": "18:00:00", "isWork": false, "picture": "", "time_come_in": null, "work_days": "1111110", "vacation_start": null, "vacation_end": null, "date_go_work": null, "owner": 1, "history_date": "2025-02-23T09:08:45.838", "history_change_reason": null, "history_type": "+", "history_user": 1}}, {"model": "ledger.historicaltechnician", "pk": 6, "fields": {"id": 6, "name": "jollie", "phone": "+18034579565", "email": "", "start_work_at": "10:00:00", "end_work": "18:00:00", "isWork": false, "picture": "tech_pictures/IMG_2624.jpeg", "time_come_in": null, "work_days": "1111110", "vacation_start": null, "vacation_end": null, "date_go_work": null, "owner": 1, "history_date": "2025-02-23T09:10:26.918", "history_change_reason": null, "history_type": "+", "history_user": 1}}, {"model": "ledger.historicaltechnician", "pk": 7, "fields": {"id": 7, "name": "kim", "phone": "+18034478117", "email": "", "start_work_at": "10:00:00", "end_work": "18:00:00", "isWork": false, "picture": "tech_pictures/image.jpeg", "time_come_in": null, "work_days": "1111110", "vacation_start": null, "vacation_end": null, "date_go_work": null, "owner": 1, "history_date": "2025-02-23T09:11:51.013", "history_change_reason": null, "history_type": "+", "history_user": 1}}, {"model": "ledger.historicaltechnician", "pk": 8, "fields": {"id": 8, "name": "garby", "phone": "+18036293836", "email": "", "start_work_at": "10:00:00", "end_work": "18:00:00", "isWork": false, "picture": "tech_pictures/IMG_2580.jpeg", "time_come_in": null, "work_days": "1111110", "vacation_start": null, "vacation_end": null, "date_go_work": null, "owner": 1, "history_date": "2025-02-23T09:13:05.422", "history_change_reason": null, "history_type": "+", "history_user": 1}}, {"model": "ledger.historicaltechnician", "pk": 9, "fields": {"id": 5, "name": "peter", "phone": "+18033195374", "email": null, "start_work_at": "10:00:00", "end_work": "18:00:00", "isWork": false, "picture": "tech_pictures/Unknown.jpeg", "time_come_in": "09:14:00", "work_days": "1111110", "vacation_start": null, "vacation_end": null, "date_go_work": null, "owner": 1, "history_date": "2025-02-23T09:15:05.321", "history_change_reason": null, "history_type": "~", "history_user": 1}}, {"model": "ledger.historicaltechnician", "pk": 10, "fields": {"id": 2, "name": "luka", "phone": "+18037031212", "email": "", "start_work_at": "10:00:00", "end_work": "18:00:00", "isWork": true, "picture": "tech_pictures/IMG_0676.JPG", "time_come_in": "20:31:00", "work_days": "1111110", "vacation_start": null, "vacation_end": null, "date_go_work": "2025-02-23", "owner": 1, "history_date": "2025-02-23T20:31:05.721", "history_change_reason": null, "history_type": "~", "history_user": 1}}, {"model": "ledger.historicaltechnician", "pk": 11, "fields": {"id": 2, "name": "luka", "phone": "+18037031212", "email": "", "start_work_at": "10:00:00", "end_work": "18:00:00", "isWork": false, "picture": "tech_pictures/IMG_0676.JPG", "time_come_in": null, "work_days": "1111110", "vacation_start": null, "vacation_end": null, "date_go_work": "2025-02-23", "owner": 1, "history_date": "2025-02-23T20:31:15.546", "history_change_reason": null, "history_type": "~", "history_user": 1}}, {"model": "ledger.historicaltechnician", "pk": 12, "fields": {"id": 9, "name": "anyOne", "phone": "+18037778833", "email": "", "start_work_at": "10:00:00", "end_work": "18:00:00", "isWork": false, "picture": "tech_pictures/IMG_2194.jpeg", "time_come_in": null, "work_days": "1111110", "vacation_start": null, "vacation_end": null, "date_go_work": null, "owner": 1, "history_date": "2025-02-23T21:11:02.461", "history_change_reason": null, "history_type": "+", "history_user": 1}}, {"model": "ledger.historicaltechnician", "pk": 13, "fields": {"id": 1, "name": "quang", "phone": "+18033399070", "email": "", "start_work_at": "10:00:00", "end_work": "18:00:00", "isWork": true, "picture": "tech_pictures/Generated_Image_1.jpeg", "time_come_in": "20:23:00", "work_days": "1111110", "vacation_start": null, "vacation_end": null, "date_go_work": "2025-02-24", "owner": 1, "history_date": "2025-02-24T20:23:21.201", "history_change_reason": null, "history_type": "~", "history_user": 1}}, {"model": "ledger.historicaltechnician", "pk": 14, "fields": {"id": 3, "name": "danny", "phone": "+18039997733", "email": "", "start_work_at": "10:00:00", "end_work": "18:00:00", "isWork": true, "picture": "tech_pictures/IMG_0675.JPG", "time_come_in": "20:23:00", "work_days": "1111110", "vacation_start": null, "vacation_end": null, "date_go_work": "2025-02-24", "owner": 1, "history_date": "2025-02-24T20:23:48.418", "history_change_reason": null, "history_type": "~", "history_user": 1}}, {"model": "ledger.historicaltechnician", "pk": 15, "fields": {"id": 2, "name": "luka", "phone": "+18037031212", "email": "", "start_work_at": "10:00:00", "end_work": "18:00:00", "isWork": true, "picture": "tech_pictures/IMG_0676.JPG", "time_come_in": "20:23:00", "work_days": "1111110", "vacation_start": null, "vacation_end": null, "date_go_work": "2025-02-24", "owner": 1, "history_date": "2025-02-24T20:23:49.159", "history_change_reason": null, "history_type": "~", "history_user": 1}}, {"model": "ledger.historicaltechnician", "pk": 16, "fields": {"id": 6, "name": "jollie", "phone": "+18034579565", "email": "", "start_work_at": "10:00:00", "end_work": "18:00:00", "isWork": true, "picture": "tech_pictures/IMG_2624.jpeg", "time_come_in": "20:23:00", "work_days": "1111110", "vacation_start": null, "vacation_end": null, "date_go_work": "2025-02-24", "owner": 1, "history_date": "2025-02-24T20:23:49.708", "history_change_reason": null, "history_type": "~", "history_user": 1}}, {"model": "ledger.historicaltechnician", "pk": 17, "fields": {"id": 8, "name": "garby", "phone": "+18036293836", "email": "", "start_work_at": "10:00:00", "end_work": "18:00:00", "isWork": true, "picture": "tech_pictures/IMG_2580.jpeg", "time_come_in": "20:23:00", "work_days": "1111110", "vacation_start": null, "vacation_end": null, "date_go_work": "2025-02-24", "owner": 1, "history_date": "2025-02-24T20:23:50.127", "history_change_reason": null, "history_type": "~", "history_user": 1}}, {"model": "ledger.historicaltechnician", "pk": 18, "fields": {"id": 9, "name": "anyOne", "phone": "+18037778833", "email": "", "start_work_at": "10:00:00", "end_work": "18:00:00", "isWork": true, "picture": "tech_pictures/IMG_2194.jpeg", "time_come_in": "20:23:00", "work_days": "1111110", "vacation_start": null, "vacation_end": null, "date_go_work": "2025-02-24", "owner": 1, "history_date": "2025-02-24T20:23:50.623", "history_change_reason": null, "history_type": "~", "history_user": 1}}, {"model": "ledger.historicaltechnician", "pk": 19, "fields": {"id": 5, "name": "peter", "phone": "+18033195374", "email": null, "start_work_at": "10:00:00", "end_work": "18:00:00", "isWork": true, "picture": "tech_pictures/Unknown.jpeg", "time_come_in": "20:23:00", "work_days": "1111110", "vacation_start": null, "vacation_end": null, "date_go_work": "2025-02-24", "owner": 1, "history_date": "2025-02-24T20:23:51.315", "history_change_reason": null, "history_type": "~", "history_user": 1}}, {"model": "ledger.historicaltechnician", "pk": 20, "fields": {"id": 7, "name": "kim", "phone": "+18034478117", "email": "", "start_work_at": "10:00:00", "end_work": "18:00:00", "isWork": true, "picture": "tech_pictures/image.jpeg", "time_come_in": "20:23:00", "work_days": "1111110", "vacation_start": null, "vacation_end": null, "date_go_work": "2025-02-24", "owner": 1, "history_date": "2025-02-24T20:23:51.875", "history_change_reason": null, "history_type": "~", "history_user": 1}}, {"model": "ledger.historicaltechnician", "pk": 21, "fields": {"id": 4, "name": "megan", "phone": "+18392138111", "email": "", "start_work_at": "10:00:00", "end_work": "18:00:00", "isWork": true, "picture": "tech_pictures/Facebook_logo.png", "time_come_in": "20:23:00", "work_days": "1111110", "vacation_start": null, "vacation_end": null, "date_go_work": "2025-02-24", "owner": 1, "history_date": "2025-02-24T20:23:52.232", "history_change_reason": null, "history_type": "~", "history_user": 1}}, {"model": "ledger.historicaltechnician", "pk": 22, "fields": {"id": 9, "name": "anyOne", "phone": "+18037778833", "email": "", "start_work_at": "10:00:00", "end_work": "18:00:00", "isWork": false, "picture": "tech_pictures/IMG_2194.jpeg", "time_come_in": null, "work_days": "1111110", "vacation_start": null, "vacation_end": null, "date_go_work": "2025-02-24", "owner": 1, "history_date": "2025-02-24T20:37:23.680", "history_change_reason": null, "history_type": "~", "history_user": 1}}, {"model": "ledger.historicaltechnician", "pk": 23, "fields": {"id": 4, "name": "megan", "phone": "+18392138111", "email": "", "start_work_at": "10:00:00", "end_work": "18:00:00", "isWork": false, "picture": "tech_pictures/Facebook_logo.png", "time_come_in": null, "work_days": "1111110", "vacation_start": null, "vacation_end": null, "date_go_work": "2025-02-24", "owner": 1, "history_date": "2025-02-24T20:42:53.992", "history_change_reason": null, "history_type": "~", "history_user": 1}}, {"model": "ledger.historicaltechnician", "pk": 24, "fields": {"id": 2, "name": "luka", "phone": "+18037031212", "email": "", "start_work_at": "10:00:00", "end_work": "18:00:00", "isWork": false, "picture": "tech_pictures/IMG_0676.JPG", "time_come_in": null, "work_days": "1111110", "vacation_start": null, "vacation_end": null, "date_go_work": "2025-02-24", "owner": 1, "history_date": "2025-02-24T20:43:15.379", "history_change_reason": null, "history_type": "~", "history_user": 1}}, {"model": "ledger.historicaltechnician", "pk": 25, "fields": {"id": 7, "name": "kim", "phone": "+18034478117", "email": "", "start_work_at": "10:00:00", "end_work": "18:00:00", "isWork": false, "picture": "tech_pictures/image.jpeg", "time_come_in": null, "work_days": "1111110", "vacation_start": null, "vacation_end": null, "date_go_work": "2025-02-24", "owner": 1, "history_date": "2025-02-24T20:45:51.378", "history_change_reason": null, "history_type": "~", "history_user": 1}}, {"model": "ledger.historicaltechnician", "pk": 26, "fields": {"id": 9, "name": "anyOne", "phone": "+18037778833", "email": "", "start_work_at": "10:00:00", "end_work": "18:00:00", "isWork": true, "picture": "tech_pictures/IMG_2194.jpeg", "time_come_in": "20:45:00", "work_days": "1111110", "vacation_start": null, "vacation_end": null, "date_go_work": "2025-02-24", "owner": 1, "history_date": "2025-02-24T20:45:53.326", "history_change_reason": null, "history_type": "~", "history_user": 1}}, {"model": "ledger.historicaltechnician", "pk": 27, "fields": {"id": 9, "name": "anyOne", "phone": "+18037778833", "email": "", "start_work_at": "10:00:00", "end_work": "18:00:00", "isWork": false, "picture": "tech_pictures/IMG_2194.jpeg", "time_come_in": null, "work_days": "1111110", "vacation_start": null, "vacation_end": null, "date_go_work": "2025-02-24", "owner": 1, "history_date": "2025-02-24T20:45:58.242", "history_change_reason": null, "history_type": "~", "history_user": 1}}, {"model": "ledger.historicaltechnician", "pk": 28, "fields": {"id": 2, "name": "luka", "phone": "+18037031212", "email": "", "start_work_at": "10:00:00", "end_work": "18:00:00", "isWork": true, "picture": "tech_pictures/IMG_0676.JPG", "time_come_in": "20:46:00", "work_days": "1111110", "vacation_start": null, "vacation_end": null, "date_go_work": "2025-02-24", "owner": 1, "history_date": "2025-02-24T20:46:35.212", "history_change_reason": null, "history_type": "~", "history_user": 1}}, {"model": "ledger.historicaltechnician", "pk": 29, "fields": {"id": 2, "name": "luka", "phone": "+18037031212", "email": "", "start_work_at": "10:00:00", "end_work": "18:00:00", "isWork": false, "picture": "tech_pictures/IMG_0676.JPG", "time_come_in": null, "work_days": "1111110", "vacation_start": null, "vacation_end": null, "date_go_work": "2025-02-24", "owner": 1, "history_date": "2025-02-24T21:16:51.631", "history_change_reason": null, "history_type": "~", "history_user": 1}}, {"model": "ledger.historicaltechnician", "pk": 30, "fields": {"id": 8, "name": "garby", "phone": "+18036293836", "email": "", "start_work_at": "10:00:00", "end_work": "18:00:00", "isWork": false, "picture": "tech_pictures/IMG_2580.jpeg", "time_come_in": null, "work_days": "1111110", "vacation_start": null, "vacation_end": null, "date_go_work": "2025-02-24", "owner": 1, "history_date": "2025-02-24T21:16:53.514", "history_change_reason": null, "history_type": "~", "history_user": 1}}, {"model": "ledger.historicaltechnician", "pk": 31, "fields": {"id": 6, "name": "jollie", "phone": "+18034579565", "email": "", "start_work_at": "10:00:00", "end_work": "18:00:00", "isWork": false, "picture": "tech_pictures/IMG_2624.jpeg", "time_come_in": null, "work_days": "1111110", "vacation_start": null, "vacation_end": null, "date_go_work": "2025-02-24", "owner": 1, "history_date": "2025-02-24T21:16:54.278", "history_change_reason": null, "history_type": "~", "history_user": 1}}, {"model": "ledger.historicaltechnician", "pk": 32, "fields": {"id": 5, "name": "peter", "phone": "+18033195374", "email": null, "start_work_at": "10:00:00", "end_work": "18:00:00", "isWork": false, "picture": "tech_pictures/Unknown.jpeg", "time_come_in": null, "work_days": "1111110", "vacation_start": null, "vacation_end": null, "date_go_work": "2025-02-24", "owner": 1, "history_date": "2025-02-24T21:16:54.674", "history_change_reason": null, "history_type": "~", "history_user": 1}}, {"model": "ledger.historicaltechnician", "pk": 33, "fields": {"id": 3, "name": "danny", "phone": "+18039997733", "email": "", "start_work_at": "10:00:00", "end_work": "18:00:00", "isWork": false, "picture": "tech_pictures/IMG_0675.JPG", "time_come_in": null, "work_days": "1111110", "vacation_start": null, "vacation_end": null, "date_go_work": "2025-02-24", "owner": 1, "history_date": "2025-02-24T21:16:55.090", "history_change_reason": null, "history_type": "~", "history_user": 1}}, {"model": "ledger.historicaltechnician", "pk": 34, "fields": {"id": 1, "name": "quang", "phone": "+18033399070", "email": "", "start_work_at": "10:00:00", "end_work": "18:00:00", "isWork": false, "picture": "tech_pictures/Generated_Image_1.jpeg", "time_come_in": null, "work_days": "1111110", "vacation_start": null, "vacation_end": null, "date_go_work": "2025-02-24", "owner": 1, "history_date": "2025-02-24T21:16:55.444", "history_change_reason": null, "history_type": "~", "history_user": 1}}, {"model": "ledger.historicaltechnician", "pk": 35, "fields": {"id": 1, "name": "quang", "phone": "+18033399070", "email": "", "start_work_at": "10:00:00", "end_work": "18:00:00", "isWork": true, "picture": "tech_pictures/Generated_Image_1.jpeg", "time_come_in": "21:22:00", "work_days": "1111110", "vacation_start": null, "vacation_end": null, "date_go_work": "2025-02-24", "owner": 1, "history_date": "2025-02-24T21:22:35.733", "history_change_reason": null, "history_type": "~", "history_user": 1}}, {"model": "ledger.historicaltechnician", "pk": 36, "fields": {"id": 6, "name": "jollie", "phone": "+18034579565", "email": "", "start_work_at": "10:00:00", "end_work": "18:00:00", "isWork": true, "picture": "tech_pictures/IMG_2624.jpeg", "time_come_in": "21:23:00", "work_days": "1111110", "vacation_start": null, "vacation_end": null, "date_go_work": "2025-02-24", "owner": 1, "history_date": "2025-02-24T21:23:01.335", "history_change_reason": null, "history_type": "~", "history_user": 1}}, {"model": "ledger.historicaltechnician", "pk": 37, "fields": {"id": 4, "name": "megan", "phone": "+18392138111", "email": "", "start_work_at": "10:00:00", "end_work": "18:00:00", "isWork": true, "picture": "tech_pictures/Facebook_logo.png", "time_come_in": "21:23:00", "work_days": "1111110", "vacation_start": null, "vacation_end": null, "date_go_work": "2025-02-24", "owner": 1, "history_date": "2025-02-24T21:23:07.827", "history_change_reason": null, "history_type": "~", "history_user": 1}}, {"model": "ledger.historicaltechnician", "pk": 38, "fields": {"id": 4, "name": "megan", "phone": "+18392138111", "email": "", "start_work_at": "10:00:00", "end_work": "18:00:00", "isWork": false, "picture": "tech_pictures/Facebook_logo.png", "time_come_in": null, "work_days": "1111110", "vacation_start": null, "vacation_end": null, "date_go_work": "2025-02-24", "owner": 1, "history_date": "2025-02-24T21:23:22.933", "history_change_reason": null, "history_type": "~", "history_user": 1}}, {"model": "ledger.historicaltechnician", "pk": 39, "fields": {"id": 2, "name": "luka", "phone": "+18037031212", "email": "", "start_work_at": "10:00:00", "end_work": "18:00:00", "isWork": true, "picture": "tech_pictures/IMG_0676.JPG", "time_come_in": "21:23:00", "work_days": "1111110", "vacation_start": null, "vacation_end": null, "date_go_work": "2025-02-24", "owner": 1, "history_date": "2025-02-24T21:23:27.811", "history_change_reason": null, "history_type": "~", "history_user": 1}}, {"model": "ledger.historicaltechnician", "pk": 40, "fields": {"id": 2, "name": "luka", "phone": "+18037031212", "email": "", "start_work_at": "10:00:00", "end_work": "18:00:00", "isWork": false, "picture": "tech_pictures/IMG_0676.JPG", "time_come_in": null, "work_days": "1111110", "vacation_start": null, "vacation_end": null, "date_go_work": "2025-02-24", "owner": 1, "history_date": "2025-02-24T21:23:40.814", "history_change_reason": null, "history_type": "~", "history_user": 1}}, {"model": "ledger.historicaltechnician", "pk": 41, "fields": {"id": 4, "name": "megan", "phone": "+18392138111", "email": "", "start_work_at": "10:00:00", "end_work": "18:00:00", "isWork": true, "picture": "tech_pictures/Facebook_logo.png", "time_come_in": "21:24:00", "work_days": "1111110", "vacation_start": null, "vacation_end": null, "date_go_work": "2025-02-24", "owner": 1, "history_date": "2025-02-24T21:24:02.848", "history_change_reason": null, "history_type": "~", "history_user": 1}}, {"model": "ledger.historicaltechnician", "pk": 42, "fields": {"id": 3, "name": "danny", "phone": "+18039997733", "email": "", "start_work_at": "10:00:00", "end_work": "18:00:00", "isWork": true, "picture": "tech_pictures/IMG_0675.JPG", "time_come_in": "21:42:00", "work_days": "1111110", "vacation_start": null, "vacation_end": null, "date_go_work": "2025-02-24", "owner": 1, "history_date": "2025-02-24T21:42:01.251", "history_change_reason": null, "history_type": "~", "history_user": 1}}, {"model": "ledger.historicaltechnician", "pk": 43, "fields": {"id": 2, "name": "luka", "phone": "+18037031212", "email": "", "start_work_at": "10:00:00", "end_work": "18:00:00", "isWork": true, "picture": "tech_pictures/IMG_0676.JPG", "time_come_in": "21:42:00", "work_days": "1111110", "vacation_start": null, "vacation_end": null, "date_go_work": "2025-02-24", "owner": 1, "history_date": "2025-02-24T21:42:08.218", "history_change_reason": null, "history_type": "~", "history_user": 1}}, {"model": "ledger.historicaltechnician", "pk": 44, "fields": {"id": 2, "name": "luka", "phone": "+18037031212", "email": "", "start_work_at": "10:00:00", "end_work": "18:00:00", "isWork": false, "picture": "tech_pictures/IMG_0676.JPG", "time_come_in": null, "work_days": "1111110", "vacation_start": null, "vacation_end": null, "date_go_work": "2025-02-24", "owner": 1, "history_date": "2025-02-24T21:42:13.664", "history_change_reason": null, "history_type": "~", "history_user": 1}}, {"model": "ledger.historicaltechnician", "pk": 45, "fields": {"id": 2, "name": "luka", "phone": "+18037031212", "email": "", "start_work_at": "10:00:00", "end_work": "18:00:00", "isWork": true, "picture": "tech_pictures/IMG_0676.JPG", "time_come_in": "21:42:00", "work_days": "1111110", "vacation_start": null, "vacation_end": null, "date_go_work": "2025-02-24", "owner": 1, "history_date": "2025-02-24T21:42:18.371", "history_change_reason": null, "history_type": "~", "history_user": 1}}, {"model": "ledger.technician", "pk": 1, "fields": {"name": "quang", "phone": "+18033399070", "email": "", "owner": 1, "start_work_at": "10:00:00", "end_work": "18:00:00", "isWork": true, "picture": "tech_pictures/Generated_Image_1.jpeg", "time_come_in": "21:22:00", "work_days": "1111110", "vacation_start": null, "vacation_end": null, "date_go_work": "2025-02-24", "services": []}}, {"model": "ledger.technician", "pk": 2, "fields": {"name": "luka", "phone": "+18037031212", "email": "", "owner": 1, "start_work_at": "10:00:00", "end_work": "18:00:00", "isWork": true, "picture": "tech_pictures/IMG_0676.JPG", "time_come_in": "21:42:00", "work_days": "1111110", "vacation_start": null, "vacation_end": null, "date_go_work": "2025-02-24", "services": []}}, {"model": "ledger.technician", "pk": 3, "fields": {"name": "danny", "phone": "+18039997733", "email": "", "owner": 1, "start_work_at": "10:00:00", "end_work": "18:00:00", "isWork": true, "picture": "tech_pictures/IMG_0675.JPG", "time_come_in": "21:42:00", "work_days": "1111110", "vacation_start": null, "vacation_end": null, "date_go_work": "2025-02-24", "services": []}}, {"model": "ledger.technician", "pk": 4, "fields": {"name": "megan", "phone": "+18392138111", "email": "", "owner": 1, "start_work_at": "10:00:00", "end_work": "18:00:00", "isWork": true, "picture": "tech_pictures/Facebook_logo.png", "time_come_in": "21:24:00", "work_days": "1111110", "vacation_start": null, "vacation_end": null, "date_go_work": "2025-02-24", "services": []}}, {"model": "ledger.technician", "pk": 5, "fields": {"name": "peter", "phone": "+18033195374", "email": null, "owner": 1, "start_work_at": "10:00:00", "end_work": "18:00:00", "isWork": false, "picture": "tech_pictures/Unknown.jpeg", "time_come_in": null, "work_days": "1111110", "vacation_start": null, "vacation_end": null, "date_go_work": "2025-02-24", "services": []}}, {"model": "ledger.technician", "pk": 6, "fields": {"name": "jollie", "phone": "+18034579565", "email": "", "owner": 1, "start_work_at": "10:00:00", "end_work": "18:00:00", "isWork": true, "picture": "tech_pictures/IMG_2624.jpeg", "time_come_in": "21:23:00", "work_days": "1111110", "vacation_start": null, "vacation_end": null, "date_go_work": "2025-02-24", "services": []}}, {"model": "ledger.technician", "pk": 7, "fields": {"name": "kim", "phone": "+18034478117", "email": "", "owner": 1, "start_work_at": "10:00:00", "end_work": "18:00:00", "isWork": false, "picture": "tech_pictures/image.jpeg", "time_come_in": null, "work_days": "1111110", "vacation_start": null, "vacation_end": null, "date_go_work": "2025-02-24", "services": []}}, {"model": "ledger.technician", "pk": 8, "fields": {"name": "garby", "phone": "+18036293836", "email": "", "owner": 1, "start_work_at": "10:00:00", "end_work": "18:00:00", "isWork": false, "picture": "tech_pictures/IMG_2580.jpeg", "time_come_in": null, "work_days": "1111110", "vacation_start": null, "vacation_end": null, "date_go_work": "2025-02-24", "services": []}}, {"model": "ledger.technician", "pk": 9, "fields": {"name": "anyOne", "phone": "+18037778833", "email": "", "owner": 1, "start_work_at": "10:00:00", "end_work": "18:00:00", "isWork": false, "picture": "tech_pictures/IMG_2194.jpeg", "time_come_in": null, "work_days": "1111110", "vacation_start": null, "vacation_end": null, "date_go_work": "2025-02-24", "services": []}}, {"model": "ledger.historicalkhach", "pk": 1, "fields": {"id": 1, "full_name": "LEGO", "phone": "+18039997733", "email": "", "points": 0, "first_comes": "2025-02-23T09:06:19.574", "desc": null, "status": "Confirmed", "day_comes": "2025-02-24", "time_at": "10:00:00", "tag": null, "birthday": null, "technician": 1, "history_date": "2025-02-23T09:06:19.576", "history_change_reason": null, "history_type": "+", "history_user": 1}}, {"model": "ledger.historicalkhach", "pk": 2, "fields": {"id": 2, "full_name": "TRINH", "phone": "+18392138111", "email": "", "points": 0, "first_comes": "2025-02-23T10:26:06.624", "desc": null, "status": "Confirmed", "day_comes": "2025-02-24", "time_at": "11:00:00", "tag": null, "birthday": null, "technician": 6, "history_date": "2025-02-23T10:26:06.626", "history_change_reason": null, "history_type": "+", "history_user": 1}}, {"model": "ledger.historicalkhach", "pk": 3, "fields": {"id": 3, "full_name": "MELISSA", "phone": "+18037073290", "email": "", "points": 0, "first_comes": "2025-02-23T10:33:19.137", "desc": null, "status": "Confirmed", "day_comes": "2025-02-24", "time_at": "10:15:00", "tag": null, "birthday": null, "technician": 3, "history_date": "2025-02-23T10:33:19.139", "history_change_reason": null, "history_type": "+", "history_user": 1}}, {"model": "ledger.historicalkhach", "pk": 4, "fields": {"id": 4, "full_name": "KATIE CURTIS", "phone": "+19132401557", "email": "", "points": 0, "first_comes": "2025-02-23T10:35:51.076", "desc": null, "status": "Confirmed", "day_comes": "2025-02-24", "time_at": "11:45:00", "tag": null, "birthday": null, "technician": 6, "history_date": "2025-02-23T10:35:51.078", "history_change_reason": null, "history_type": "+", "history_user": 1}}, {"model": "ledger.historicalkhach", "pk": 5, "fields": {"id": 5, "full_name": "PATRICE FRANKLIN", "phone": "+18037190496", "email": "", "points": 0, "first_comes": "2025-02-23T10:39:14.598", "desc": null, "status": "Confirmed", "day_comes": "2025-02-24", "time_at": "12:00:00", "tag": null, "birthday": null, "technician": 7, "history_date": "2025-02-23T10:39:14.600", "history_change_reason": null, "history_type": "+", "history_user": 1}}, {"model": "ledger.historicalkhach", "pk": 6, "fields": {"id": 6, "full_name": "JENNIFER CAPELL", "phone": "+18035469109", "email": "", "points": 0, "first_comes": "2025-02-23T10:46:14.465", "desc": null, "status": "Confirmed", "day_comes": "2025-02-24", "time_at": "13:00:00", "tag": null, "birthday": null, "technician": 5, "history_date": "2025-02-23T10:46:14.466", "history_change_reason": null, "history_type": "+", "history_user": 1}}, {"model": "ledger.historicalkhach", "pk": 7, "fields": {"id": 7, "full_name": "MARY GREEN", "phone": "+18136011085", "email": "", "points": 0, "first_comes": "2025-02-23T10:48:12.843", "desc": null, "status": "Confirmed", "day_comes": "2025-02-25", "time_at": "10:15:00", "tag": null, "birthday": null, "technician": 2, "history_date": "2025-02-23T10:48:12.845", "history_change_reason": null, "history_type": "+", "history_user": 1}}, {"model": "ledger.historicalkhach", "pk": 8, "fields": {"id": 8, "full_name": "MAIQ", "phone": "+18036383580", "email": "", "points": 0, "first_comes": "2025-02-23T10:50:57.666", "desc": null, "status": "Confirmed", "day_comes": "2025-02-24", "time_at": "10:00:00", "tag": null, "birthday": null, "technician": 4, "history_date": "2025-02-23T10:50:57.668", "history_change_reason": null, "history_type": "+", "history_user": 1}}, {"model": "ledger.historicalkhach", "pk": 9, "fields": {"id": 9, "full_name": "MEGAN MORGAN", "phone": "+18033518842", "email": "", "points": 0, "first_comes": "2025-02-23T10:56:26.748", "desc": null, "status": "Confirmed", "day_comes": "2025-02-24", "time_at": "10:30:00", "tag": null, "birthday": null, "technician": 8, "history_date": "2025-02-23T10:56:26.749", "history_change_reason": null, "history_type": "+", "history_user": 1}}, {"model": "ledger.historicalkhach", "pk": 10, "fields": {"id": 2, "full_name": "TRINH", "phone": "+18392138111", "email": "", "points": 0, "first_comes": "2025-02-23T10:26:06.624", "desc": null, "status": "Cancel", "day_comes": "2025-02-24", "time_at": "11:00:00", "tag": null, "birthday": null, "technician": 6, "history_date": "2025-02-23T10:59:20.101", "history_change_reason": null, "history_type": "~", "history_user": 1}}, {"model": "ledger.historicalkhach", "pk": 11, "fields": {"id": 10, "full_name": "THERESA JOHNS", "phone": "+18033184007", "email": "", "points": 0, "first_comes": "2025-02-23T11:02:59.187", "desc": null, "status": "Confirmed", "day_comes": "2025-02-25", "time_at": "17:45:00", "tag": null, "birthday": null, "technician": 2, "history_date": "2025-02-23T11:02:59.187", "history_change_reason": null, "history_type": "+", "history_user": 1}}, {"model": "ledger.historicalkhach", "pk": 12, "fields": {"id": 11, "full_name": "PENNY SOX", "phone": "+18032618588", "email": "", "points": 0, "first_comes": "2025-02-23T11:04:34.269", "desc": null, "status": "Confirmed", "day_comes": "2025-02-25", "time_at": "10:00:00", "tag": null, "birthday": null, "technician": 1, "history_date": "2025-02-23T11:04:34.271", "history_change_reason": null, "history_type": "+", "history_user": 1}}, {"model": "ledger.historicalkhach", "pk": 13, "fields": {"id": 2, "full_name": "TRINH", "phone": "+18392138111", "email": "", "points": 0, "first_comes": "2025-02-23T10:26:06.624", "desc": "lam them kiem tien, not a customer.", "status": "Cancel", "day_comes": "2025-02-24", "time_at": "11:00:00", "tag": "hoc sinh", "birthday": null, "technician": 6, "history_date": "2025-02-23T11:37:22.446", "history_change_reason": null, "history_type": "~", "history_user": 1}}, {"model": "ledger.historicalkhach", "pk": 14, "fields": {"id": 5, "full_name": "PATRICE FRANKLIN", "phone": "+18037190496", "email": "", "points": 0, "first_comes": "2025-02-23T10:39:14.598", "desc": "em than", "status": "Confirmed", "day_comes": "2025-02-24", "time_at": "12:00:00", "tag": "ngan hang", "birthday": null, "technician": 7, "history_date": "2025-02-23T12:04:10.385", "history_change_reason": null, "history_type": "~", "history_user": 1}}, {"model": "ledger.historicalkhach", "pk": 15, "fields": {"id": 12, "full_name": "JULIE DOCKTER", "phone": "+18438581161", "email": "", "points": 135, "first_comes": "2025-02-23T12:05:57.662", "desc": null, "status": "Confirmed", "day_comes": "2025-02-25", "time_at": "14:15:00", "tag": null, "birthday": null, "technician": 1, "history_date": "2025-02-23T12:05:57.664", "history_change_reason": null, "history_type": "+", "history_user": 1}}, {"model": "ledger.historicalkhach", "pk": 16, "fields": {"id": 12, "full_name": "JULIE DOCKTER", "phone": "+18438581161", "email": "", "points": 0, "first_comes": "2025-02-23T12:05:57.662", "desc": null, "status": "Cancel", "day_comes": "2025-02-25", "time_at": "14:15:00", "tag": null, "birthday": null, "technician": 1, "history_date": "2025-02-23T12:06:20.759", "history_change_reason": null, "history_type": "~", "history_user": 1}}, {"model": "ledger.historicalkhach", "pk": 17, "fields": {"id": 13, "full_name": "EMILY BROWN", "phone": "+18036066152", "email": "", "points": 90, "first_comes": "2025-02-23T13:06:47.801", "desc": null, "status": "Confirmed", "day_comes": "2025-02-25", "time_at": "10:00:00", "tag": null, "birthday": null, "technician": 6, "history_date": "2025-02-23T13:06:47.802", "history_change_reason": null, "history_type": "+", "history_user": 1}}, {"model": "ledger.historicalkhach", "pk": 18, "fields": {"id": 2, "full_name": "TRINH", "phone": "+18392138111", "email": "", "points": 0, "first_comes": "2025-02-23T10:26:06.624", "desc": "lam them kiem tien, not a customer.", "status": "Cancel", "day_comes": "2025-02-24", "time_at": "11:00:00", "tag": "hoc sinh", "birthday": null, "technician": 8, "history_date": "2025-02-23T20:29:09.014", "history_change_reason": null, "history_type": "~", "history_user": 1}}, {"model": "ledger.historicalkhach", "pk": 19, "fields": {"id": 14, "full_name": "gee jensen", "phone": "+14802278837", "email": null, "points": 0, "first_comes": "2025-02-23T21:59:04.719", "desc": null, "status": "Confirmed", "day_comes": "2025-02-23", "time_at": "21:59:04.717", "tag": null, "birthday": null, "technician": 9, "history_date": "2025-02-23T21:59:04.721", "history_change_reason": null, "history_type": "+", "history_user": 1}}, {"model": "ledger.historicalkhach", "pk": 20, "fields": {"id": 15, "full_name": "avora goines", "phone": "+18432765112", "email": null, "points": 0, "first_comes": "2025-02-23T22:56:18.019", "desc": null, "status": "Confirmed", "day_comes": "2025-02-23", "time_at": "22:56:18.018", "tag": null, "birthday": null, "technician": 9, "history_date": "2025-02-23T22:56:18.021", "history_change_reason": null, "history_type": "+", "history_user": 1}}, {"model": "ledger.historicalkhach", "pk": 21, "fields": {"id": 16, "full_name": "susan owen", "phone": "+18032374467", "email": null, "points": 0, "first_comes": "2025-02-23T23:05:35.108", "desc": null, "status": "Confirmed", "day_comes": "2025-02-23", "time_at": "23:05:35.107", "tag": null, "birthday": null, "technician": 9, "history_date": "2025-02-23T23:05:35.111", "history_change_reason": null, "history_type": "+", "history_user": 1}}, {"model": "ledger.historicalkhach", "pk": 22, "fields": {"id": 16, "full_name": "susan owen", "phone": "+18032374467", "email": "", "points": 45, "first_comes": "2025-02-23T23:05:35.108", "desc": null, "status": "Confirmed", "day_comes": "2025-02-24", "time_at": "10:45:00", "tag": null, "birthday": null, "technician": 1, "history_date": "2025-02-23T23:06:47.540", "history_change_reason": null, "history_type": "~", "history_user": 1}}, {"model": "ledger.historicalkhach", "pk": 23, "fields": {"id": 14, "full_name": "gee jensen", "phone": "+14802278837", "email": "", "points": 90, "first_comes": "2025-02-23T21:59:04.719", "desc": null, "status": "Confirmed", "day_comes": "2025-02-24", "time_at": "10:00:00", "tag": null, "birthday": null, "technician": 6, "history_date": "2025-02-23T23:07:33.851", "history_change_reason": null, "history_type": "~", "history_user": 1}}, {"model": "ledger.historicalkhach", "pk": 24, "fields": {"id": 15, "full_name": "avora goines", "phone": "+18432765112", "email": "", "points": 135, "first_comes": "2025-02-23T22:56:18.019", "desc": null, "status": "Confirmed", "day_comes": "2025-02-24", "time_at": "11:00:00", "tag": null, "birthday": null, "technician": 3, "history_date": "2025-02-23T23:08:23.640", "history_change_reason": null, "history_type": "~", "history_user": 1}}, {"model": "ledger.historicalkhach", "pk": 25, "fields": {"id": 17, "full_name": "test", "phone": "+18033399070", "email": null, "points": 0, "first_comes": "2025-02-24T22:30:27.991", "desc": "", "status": "Confirmed", "day_comes": "2025-02-22", "time_at": "22:30:24", "tag": null, "birthday": null, "technician": 3, "history_date": "2025-02-24T22:30:27.992", "history_change_reason": null, "history_type": "+", "history_user": 1}}, {"model": "ledger.historicalkhach", "pk": 26, "fields": {"id": 17, "full_name": "TEST", "phone": "+18033399070", "email": null, "points": 0, "first_comes": "2025-02-24T22:30:27.991", "desc": "", "status": "Confirmed", "day_comes": "2025-02-22", "time_at": "22:30:24", "tag": null, "birthday": null, "technician": 3, "history_date": "2025-02-24T22:38:08.742", "history_change_reason": null, "history_type": "~", "history_user": 1}}, {"model": "ledger.historicalkhach", "pk": 27, "fields": {"id": 18, "full_name": "HANNAH", "phone": "+18036367791", "email": "", "points": 45, "first_comes": "2025-02-25T21:06:34.187", "desc": null, "status": "Confirmed", "day_comes": "2025-02-26", "time_at": "10:00:00", "tag": null, "birthday": null, "technician": 1, "history_date": "2025-02-25T21:06:34.189", "history_change_reason": null, "history_type": "+", "history_user": 1}}, {"model": "ledger.khach", "pk": 1, "fields": {"full_name": "LEGO", "phone": "+18039997733", "email": "", "technician": 1, "points": 0, "first_comes": "2025-02-23T09:06:19.574", "desc": null, "status": "Confirmed", "day_comes": "2025-02-24", "time_at": "10:00:00", "tag": null, "birthday": null, "services": [1]}}, {"model": "ledger.khach", "pk": 2, "fields": {"full_name": "TRINH", "phone": "+18392138111", "email": "", "technician": 8, "points": 0, "first_comes": "2025-02-23T10:26:06.624", "desc": "lam them kiem tien, not a customer.", "status": "Cancel", "day_comes": "2025-02-24", "time_at": "11:00:00", "tag": "hoc sinh", "birthday": null, "services": []}}, {"model": "ledger.khach", "pk": 3, "fields": {"full_name": "MELISSA", "phone": "+18037073290", "email": "", "technician": 3, "points": 0, "first_comes": "2025-02-23T10:33:19.137", "desc": null, "status": "Confirmed", "day_comes": "2025-02-24", "time_at": "10:15:00", "tag": null, "birthday": null, "services": [1]}}, {"model": "ledger.khach", "pk": 4, "fields": {"full_name": "KATIE CURTIS", "phone": "+19132401557", "email": "", "technician": 6, "points": 0, "first_comes": "2025-02-23T10:35:51.076", "desc": null, "status": "Confirmed", "day_comes": "2025-02-24", "time_at": "11:45:00", "tag": null, "birthday": null, "services": [1, 2]}}, {"model": "ledger.khach", "pk": 5, "fields": {"full_name": "PATRICE FRANKLIN", "phone": "+18037190496", "email": "", "technician": 7, "points": 0, "first_comes": "2025-02-23T10:39:14.598", "desc": "em than", "status": "Confirmed", "day_comes": "2025-02-24", "time_at": "12:00:00", "tag": "ngan hang", "birthday": null, "services": [2]}}, {"model": "ledger.khach", "pk": 6, "fields": {"full_name": "JENNIFER CAPELL", "phone": "+18035469109", "email": "", "technician": 5, "points": 0, "first_comes": "2025-02-23T10:46:14.465", "desc": null, "status": "Confirmed", "day_comes": "2025-02-24", "time_at": "13:00:00", "tag": null, "birthday": null, "services": [1, 6]}}, {"model": "ledger.khach", "pk": 7, "fields": {"full_name": "MARY GREEN", "phone": "+18136011085", "email": "", "technician": 2, "points": 0, "first_comes": "2025-02-23T10:48:12.843", "desc": null, "status": "Confirmed", "day_comes": "2025-02-25", "time_at": "10:15:00", "tag": null, "birthday": null, "services": [1, 2]}}, {"model": "ledger.khach", "pk": 8, "fields": {"full_name": "MAIQ", "phone": "+18036383580", "email": "", "technician": 4, "points": 0, "first_comes": "2025-02-23T10:50:57.666", "desc": null, "status": "Confirmed", "day_comes": "2025-02-24", "time_at": "10:00:00", "tag": null, "birthday": null, "services": [4]}}, {"model": "ledger.khach", "pk": 9, "fields": {"full_name": "MEGAN MORGAN", "phone": "+18033518842", "email": "", "technician": 8, "points": 0, "first_comes": "2025-02-23T10:56:26.748", "desc": null, "status": "Confirmed", "day_comes": "2025-02-24", "time_at": "10:30:00", "tag": null, "birthday": null, "services": [1, 2]}}, {"model": "ledger.khach", "pk": 10, "fields": {"full_name": "THERESA JOHNS", "phone": "+18033184007", "email": "", "technician": 2, "points": 0, "first_comes": "2025-02-23T11:02:59.187", "desc": null, "status": "Confirmed", "day_comes": "2025-02-25", "time_at": "17:45:00", "tag": null, "birthday": null, "services": [2, 4]}}, {"model": "ledger.khach", "pk": 11, "fields": {"full_name": "PENNY SOX", "phone": "+18032618588", "email": "", "technician": 1, "points": 0, "first_comes": "2025-02-23T11:04:34.269", "desc": null, "status": "Confirmed", "day_comes": "2025-02-25", "time_at": "10:00:00", "tag": null, "birthday": null, "services": [6, 2, 5, 4]}}, {"model": "ledger.khach", "pk": 12, "fields": {"full_name": "JULIE DOCKTER", "phone": "+18438581161", "email": "", "technician": 1, "points": 0, "first_comes": "2025-02-23T12:05:57.662", "desc": null, "status": "Cancel", "day_comes": "2025-02-25", "time_at": "14:15:00", "tag": null, "birthday": null, "services": []}}, {"model": "ledger.khach", "pk": 13, "fields": {"full_name": "EMILY BROWN", "phone": "+18036066152", "email": "", "technician": 6, "points": 90, "first_comes": "2025-02-23T13:06:47.801", "desc": null, "status": "Confirmed", "day_comes": "2025-02-25", "time_at": "10:00:00", "tag": null, "birthday": null, "services": [1, 6]}}, {"model": "ledger.khach", "pk": 14, "fields": {"full_name": "gee jensen", "phone": "+14802278837", "email": "", "technician": 6, "points": 90, "first_comes": "2025-02-23T21:59:04.719", "desc": null, "status": "Confirmed", "day_comes": "2025-02-24", "time_at": "10:00:00", "tag": null, "birthday": null, "services": [1, 6]}}, {"model": "ledger.khach", "pk": 15, "fields": {"full_name": "avora goines", "phone": "+18432765112", "email": "", "technician": 3, "points": 135, "first_comes": "2025-02-23T22:56:18.019", "desc": null, "status": "Confirmed", "day_comes": "2025-02-24", "time_at": "11:00:00", "tag": null, "birthday": null, "services": [1, 4]}}, {"model": "ledger.khach", "pk": 16, "fields": {"full_name": "susan owen", "phone": "+18032374467", "email": "", "technician": 1, "points": 45, "first_comes": "2025-02-23T23:05:35.108", "desc": null, "status": "Confirmed", "day_comes": "2025-02-24", "time_at": "10:45:00", "tag": null, "birthday": null, "services": [1]}}, {"model": "ledger.khach", "pk": 17, "fields": {"full_name": "TEST", "phone": "+18033399070", "email": null, "technician": 3, "points": 0, "first_comes": "2025-02-24T22:30:27.991", "desc": "", "status": "Confirmed", "day_comes": "2025-02-22", "time_at": "22:30:24", "tag": null, "birthday": null, "services": [3]}}, {"model": "ledger.khach", "pk": 18, "fields": {"full_name": "HANNAH", "phone": "+18036367791", "email": "", "technician": 1, "points": 45, "first_comes": "2025-02-25T21:06:34.187", "desc": null, "status": "Confirmed", "day_comes": "2025-02-26", "time_at": "10:00:00", "tag": null, "birthday": null, "services": [1]}}, {"model": "ledger.service", "pk": 1, "fields": {"service": "pedicure", "price": 45.0, "time_perform": "00:45:00", "description": "blah blah blah", "owner": 1, "category": "Pedicure"}}, {"model": "ledger.service", "pk": 2, "fields": {"service": "dip", "price": 50.0, "time_perform": "00:50:00", "description": "just dip your nails in here", "owner": 1, "category": "Nail Enhancement"}}, {"model": "ledger.service", "pk": 3, "fields": {"service": "hair cut", "price": 30.0, "time_perform": "00:30:00", "description": "your hair might get shorter after this", "owner": 1, "category": "Fix"}}, {"model": "ledger.service", "pk": 4, "fields": {"service": "ultimate pedicure", "price": 90.0, "time_perform": "01:20:00", "description": "you absolutely love the package. it's ultimate heart goes out.", "owner": 1, "category": "Pedicure"}}, {"model": "ledger.service", "pk": 5, "fields": {"service": "full set", "price": 60.0, "time_perform": "01:00:00", "description": "artificial nail added or strengthen you real nails. party look with fancy nails", "owner": 1, "category": "Nail Enhancement"}}, {"model": "ledger.service", "pk": 6, "fields": {"service": "gel manicure", "price": 45.0, "time_perform": "00:45:00", "description": "cuticle clean up and classic look but with lovely gel color added", "owner": 1, "category": "Manicure"}}, {"model": "ledger.chat", "pk": 1, "fields": {"text": "im just here today, everyone is nice.", "created_at": "2025-02-24T23:01:10.961", "reply_to": null, "owner": null, "client": 17}}, {"model": "ledger.chat", "pk": 2, "fields": {"text": "alright", "created_at": "2025-02-24T23:01:26.564", "reply_to": 1, "owner": 1, "client": null}}]